{"type": "metrics", "dataset": "train", "precision": 0.7026920031670626, "balanced_accuracy": 0.6647057356321899, "recall": 0.37574089754445383, "f1_score": 0.4896551724137931}
{"type": "metrics", "dataset": "test", "precision": 0.6730769230769231, "balanced_accuracy": 0.6677671811298777, "recall": 0.3860294117647059, "f1_score": 0.49065420560747663}
{"type": "cm_matrix", "dataset": "train", "true_0": {"predicted_0": 15459, "predicted_1": 751}, "true_1": {"predicted_0": 2949, "predicted_1": 1775}}
{"type": "cm_matrix", "dataset": "test", "true_0": {"predicted_0": 6713, "predicted_1": 357}, "true_1": {"predicted_0": 1169, "predicted_1": 735}}
